CREATE DATABASE BANKS_DB;
USE BANKS_DB;

CREATE TABLE BRANCHE(
	BRANCH_ID VARCHAR(20) PRIMARY KEY,
    BRANCH_NAME VARCHAR(50),
    CITY VARCHAR(20)
    );
    
CREATE TABLE CUSTOMER(
	CUSTOMER_ID VARCHAR(20) PRIMARY KEY,
	CUSTOMER_NAME VARCHAR(50),
	CITY VARCHAR(50)
	);
    
CREATE TABLE ACCOUNTS(
	ACCOUNT_NO VARCHAR(20) PRIMARY KEY,
    CUSTOMER_ID VARCHAR(20),
    BRANCH_ID VARCHAR(20),
    ACCOUNT_TYPE VARCHAR(20),
    BALANCE DECIMAL(12,2),
    FOREIGN KEY(CUSTOMER_ID) REFERENCES CUSTOMER(CUSTOMER_ID),
    FOREIGN KEY(BRANCH_ID) REFERENCES BRANCHE(BRANCH_ID)
	);
    
CREATE TABLE TRANSACTIONS(
	TRANSACTION_ID VARCHAR(20) PRIMARY KEY,
    ACCOUNT_NO VARCHAR(20),
    TRANSACTION_TYPE VARCHAR(20),
    AMOUNT DECIMAL(12,2),
    TRANSACTION_DATE DATE,
    FOREIGN KEY(ACCOUNT_NO) REFERENCES ACCOUNTS(ACCOUNT_NO)
    ); 
    
CREATE TABLE LOAN(
	LOAN_ID VARCHAR(20) PRIMARY KEY,
    CUSTOMER_ID VARCHAR(20),
    LOAN_TYPE VARCHAR(20),
    LOAN_AMOUNT DECIMAL(12,2),
    FOREIGN KEY(CUSTOMER_ID)REFERENCES CUSTOMER(CUSTOMER_ID)
    );
    
CREATE TABLE LOAN_PAYMENT(
	PAYMENT_ID VARCHAR(20) PRIMARY KEY,
    LOAN_ID VARCHAR(20),
    PAYMENT_AMOUNT DECIMAL(12,2),
    PAYMENT_DATE DATE,
    FOREIGN KEY(LOAN_ID) REFERENCES LOAN(LOAN_ID)
    );
    
INSERT INTO BRANCHE VALUES
('BR001','Chennai Main','Chennai'),
('BR002','Anna Nagar','Chennai'),
('BR003','Bangalore Central','Bangalore'),
('BR004','Hyderabad City','Hyderabad'),
('BR005','Mumbai West','Mumbai');

INSERT INTO CUSTOMER VALUES
('CUS001','Ahmed','Chennai'),
('CUS002','John','Bangalore'),
('CUS003','Sarah','Hyderabad'),
('CUS004','David','Mumbai'),
('CUS005','Priya','Chennai'),
('CUS006','Rahul','Coimbatore'),
('CUS007','Fatima','Delhi'),
('CUS008','Meena','Salem'),
('CUS009','Kumar','Madurai'),
('CUS010','Anita','Pune'),
('CUS011','Ravi','Trichy'),
('CUS012','Ayesha','Kochi');

INSERT INTO ACCOUNTS VALUES
('ACC1001','CUS001','BR001','Savings',85000),
('ACC1002','CUS002','BR003','Savings',45000),
('ACC1003','CUS003','BR004','Current',120000),
('ACC1004','CUS004','BR005','Savings',65000),
('ACC1005','CUS005','BR002','Savings',98000),
('ACC1006','CUS006','BR001','Current',150000),
('ACC1007','CUS007','BR004','Savings',40000),
('ACC1008','CUS008','BR001','Savings',76000),
('ACC1009','CUS009','BR002','Current',110000),
('ACC1010','CUS010','BR003','Savings',53000),
('ACC1011','CUS011','BR005','Savings',30000),
('ACC1012','CUS012','BR004','Current',170000);

INSERT INTO TRANSACTIONS VALUES
('TX001','ACC1001','Deposit',10000,'2025-01-02'),
('TX002','ACC1001','Withdrawal',5000,'2025-01-05'),
('TX003','ACC1002','Deposit',20000,'2025-01-07'),
('TX004','ACC1003','Withdrawal',15000,'2025-01-10'),
('TX005','ACC1004','Deposit',8000,'2025-01-12'),
('TX006','ACC1005','Withdrawal',3000,'2025-01-15'),
('TX007','ACC1006','Deposit',25000,'2025-01-18'),
('TX008','ACC1007','Deposit',12000,'2025-01-20'),
('TX009','ACC1008','Withdrawal',7000,'2025-01-22'),
('TX010','ACC1009','Deposit',50000,'2025-01-25');

INSERT INTO LOAN VALUES
('LN001','CUS001','Home Loan',2500000),
('LN002','CUS003','Car Loan',800000),
('LN003','CUS005','Education Loan',600000),
('LN004','CUS007','Personal Loan',300000),
('LN005','CUS010','Business Loan',1500000),
('LN006','CUS012','Home Loan',3200000);

INSERT INTO LOAN_PAYMENT VALUES
('PAY001','LN001',50000,'2025-01-15'),
('PAY002','LN001',50000,'2025-02-15'),
('PAY003','LN002',25000,'2025-01-20'),
('PAY004','LN003',20000,'2025-01-25'),
('PAY005','LN004',15000,'2025-01-28'),
('PAY006','LN005',60000,'2025-02-02'),
('PAY007','LN006',70000,'2025-02-05'),
('PAY008','LN006',70000,'2025-03-05');

SELECT CUSTOMER_ID,CUSTOMER_NAME FROM CUSTOMER
WHERE CUSTOMER_ID=(SELECT CUSTOMER_ID FROM ACCOUNTS 
WHERE BALANCE=(SELECT MAX(BALANCE) FROM ACCOUNTS));

SELECT * FROM ACCOUNTS 
WHERE BALANCE=(SELECT MIN(BALANCE )FROM ACCOUNTS);

SELECT CUSTOMER_ID,CUSTOMER_NAME FROM CUSTOMER 
WHERE CUSTOMER_ID IN(SELECT CUSTOMER_ID FROM ACCOUNTS
WHERE BALANCE>(SELECT AVG(BALANCE) FROM ACCOUNTS));

SELECT CUSTOMER_ID,CUSTOMER_NAME FROM CUSTOMER 
WHERE CUSTOMER_ID IN(SELECT CUSTOMER_ID FROM ACCOUNTS
WHERE BALANCE<(SELECT MAX(BALANCE) FROM ACCOUNTS));

SELECT * FROM ACCOUNTS
WHERE BALANCE=(SELECT MAX(BALANCE) FROM ACCOUNTS
WHERE BALANCE<(SELECT MAX(BALANCE) FROM ACCOUNTS));

SELECT CUSTOMER_ID,CUSTOMER_NAME FROM CUSTOMER
WHERE CUSTOMER_ID IN(SELECT CUSTOMER_ID FROM LOAN );

SELECT CUSTOMER_ID,CUSTOMER_NAME FROM CUSTOMER
WHERE CUSTOMER_ID NOT IN(SELECT CUSTOMER_ID FROM LOAN );

SELECT * FROM ACCOUNTS WHERE BRANCH_ID IN(
SELECT BRANCH_ID FROM BRANCHE WHERE CITY='CHENNAI');

SELECT CUSTOMER_NAME FROM CUSTOMER WHERE CUSTOMER_ID IN (SELECT CUSTOMER_ID FROM ACCOUNTS
WHERE BRANCH_ID IN (SELECT BRANCH_ID FROM BRANCHE WHERE CITY='CHENNAI'));

SELECT CUSTOMER_NAME FROM CUSTOMER WHERE CUSTOMER_ID IN(SELECT CUSTOMER_ID FROM ACCOUNTS 
WHERE ACCOUNT_NO IN (SELECT ACCOUNT_NO FROM TRANSACTIONS WHERE AMOUNT>20000));

SELECT CUSTOMER_NAME FROM CUSTOMER C JOIN ACCOUNTS A ON C.CUSTOMER_ID = A.CUSTOMER_ID
WHERE A.BALANCE>(SELECT AVG(BALANCE) FROM ACCOUNTS WHERE BRANCH_ID =A.BRANCH_ID);

SELECT BRANCH_NAME FROM BRANCHE WHERE BRANCH_ID IN(SELECT BRANCH_ID FROM ACCOUNTS
GROUP BY BRANCH_ID HAVING COUNT(*)>(SELECT AVG(ACCOUNT_COUNT)FROM 
(SELECT COUNT(*) AS ACCOUNT_COUNT FROM ACCOUNTS GROUP BY BRANCH_ID)AS T)); 

SELECT CUSTOMER_NAME FROM CUSTOMER WHERE CUSTOMER_ID IN(SELECT A.CUSTOMER_ID FROM ACCOUNTS A
JOIN TRANSACTIONS T ON A.ACCOUNT_NO=T.ACCOUNT_NO
GROUP BY A.CUSTOMER_ID,A.BALANCE HAVING SUM(T.AMOUNT)>A.BALANCE);

SELECT ACCOUNT_NO FROM TRANSACTIONS GROUP BY ACCOUNT_NO HAVING COUNT(*)>(
SELECT AVG(TRANS_COUNT) FROM (SELECT COUNT(*)AS TRANS_COUNT
FROM TRANSACTIONS GROUP BY ACCOUNT_NO)X);

SELECT * FROM LOAN_PAYMENT LP WHERE PAYMENT_AMOUNT>(
SELECT AVG(PAYMENT_AMOUNT)FROM LOAN_PAYMENT
WHERE LOAN_ID =LP.LOAN_ID);

SELECT CUSTOMER_NAME FROM CUSTOMER C WHERE EXISTS
(SELECT * FROM ACCOUNTS A JOIN TRANSACTIONS T ON  A.ACCOUNT_NO =T.ACCOUNT_NO
WHERE A.CUSTOMER_ID=C.CUSTOMER_ID);

SELECT CUSTOMER_NAME FROM CUSTOMER C WHERE NOT EXISTS
(SELECT * FROM ACCOUNTS A JOIN TRANSACTIONS T ON A.ACCOUNT_NO = T.ACCOUNT_NO
WHERE A.CUSTOMER_ID=C.CUSTOMER_ID);

SELECT BRANCH_NAME FROM BRANCHE B 
WHERE EXISTS(SELECT * FROM  ACCOUNTS A WHERE A.BRANCH_ID=B.BRANCH_ID);

SELECT BRANCH_NAME FROM BRANCHE B WHERE NOT EXISTS(SELECT * FROM ACCOUNTS A 
WHERE A.BRANCH_ID=B.BRANCH_ID);

SELECT * FROM LOAN L WHERE EXISTS (SELECT * FROM LOAN_PAYMENT LP
WHERE LP.LOAN_ID=L.LOAN_ID);

SELECT CUSTOMER_NAME FROM CUSTOMER WHERE CUSTOMER_ID IN(SELECT CUSTOMER_ID FROM ACCOUNTS
WHERE BRANCH_ID IN(SELECT BRANCH_ID FROM BRANCHE WHERE CITY='CHENNAI'));

SELECT CUSTOMER_NAME FROM CUSTOMER WHERE CUSTOMER_ID NOT IN(SELECT CUSTOMER_ID FROM LOAN);

SELECT * FROM ACCOUNTS WHERE BALANCE>ANY(SELECT BALANCE FROM ACCOUNTS 
WHERE BRANCH_ID IN(SELECT BRANCH_ID FROM BRANCHE WHERE CITY='MUMBAI'));

SELECT * FROM ACCOUNTS WHERE BALANCE> ALL(SELECT BALANCE FROM ACCOUNTS
WHERE ACCOUNT_TYPE='SAVINGS');

SELECT BRANCH_NAME FROM BRANCHE WHERE BRANCH_ID IN(SELECT BRANCH_ID FROM ACCOUNTS
GROUP BY BRANCH_ID HAVING AVG(BALANCE)>=ALL (
SELECT AVG(BALANCE) FROM ACCOUNTS
GROUP BY BRANCH_ID));

SELECT CUSTOMER_NAME FROM CUSTOMER WHERE CUSTOMER_ID=(SELECT CUSTOMER_ID
FROM ACCOUNTS WHERE ACCOUNT_NO=(SELECT ACCOUNT_NO FROM TRANSACTIONS GROUP BY 
ACCOUNT_NO ORDER BY SUM(AMOUNT)DESC LIMIT 1));

SELECT CUSTOMER_NAME FROM CUSTOMER WHERE CUSTOMER_ID IN(SELECT CUSTOMER_ID FROM ACCOUNTS)
AND CUSTOMER_ID IN(SELECT CUSTOMER_ID FROM  LOAN);

SELECT BRANCH_NAME FROM BRANCHE WHERE BRANCH_ID=(SELECT BRANCH_ID FROM ACCOUNTS
GROUP BY BRANCH_ID ORDER BY SUM(BALANCE) DESC 
LIMIT 1);

SELECT CUSTOMER_NAME FROM CUSTOMER WHERE CUSTOMER_ID IN(SELECT CUSTOMER_ID FROM LOAN 
WHERE LOAN_AMOUNT >(SELECT AVG(LOAN_AMOUNT) FROM  LOAN));

SELECT CUSTOMER_NAME,(SELECT COUNT(*)FROM ACCOUNTS A
WHERE A.CUSTOMER_ID = C.CUSTOMER_ID) AS TOTAL_ACCOUNTS,
(SELECT SUM(BALANCE)FROM ACCOUNTS A
WHERE A.CUSTOMER_ID = C.CUSTOMER_ID) AS TOTAL_BALANCE,
(SELECT COUNT(*)FROM LOAN L
WHERE L.CUSTOMER_ID = C.CUSTOMER_ID) AS TOTAL_LOANS,
(SELECT SUM(LOAN_AMOUNT)FROM LOAN L
WHERE L.CUSTOMER_ID = C.CUSTOMER_ID) AS LOAN_AMOUNT
FROM CUSTOMER C;